{
  "train_losses": [
    0.1288814744912088,
    0.09351983752567321,
    0.08547627560328692,
    0.08098572138696909,
    0.07763224015943707,
    0.07534366028849035,
    0.07412343218456954,
    0.0705369885545224,
    0.0679891569307074,
    0.06721241052728147,
    0.06555434297770261,
    0.06441859104670584,
    0.06320225808303803
  ],
  "val_losses": [
    0.13459198844308654,
    0.1310088513419032,
    0.13052713855480155,
    0.1344351841447254,
    0.13931983041887483,
    0.1421455650900801,
    0.13970125544195375,
    0.14160138616959253,
    0.13596325538431606,
    0.14324221465115747,
    0.13480771208802858,
    0.1399631059418122,
    0.139023050510635
  ],
  "best_val_loss": 0.13052713855480155
}