{
  "training_date": "2025-11-09T22:10:44.260845",
  "training_time_minutes": 3.405801502863566,
  "total_epochs": 13,
  "best_val_loss": 0.13052713855480155,
  "test_metrics": {
    "mae": 0.2923825979232788,
    "rmse": 0.45709971379730335,
    "r2": 0.8261517882347107,
    "smape": 53.06635665893555,
    "median_ae": 0.16515246033668518,
    "directional_accuracy": 75.93563872344208,
    "forecast_bias": 0.04975661262869835,
    "forecast_bias_pct": 5.584499835968018,
    "rmse_mae_ratio": 1.5633615044477827,
    "error_percentiles": {
      "p25": 0.07574668526649475,
      "p50": 0.16515246033668518,
      "p75": 0.3830432593822479,
      "p90": 0.6735595464706421,
      "p95": 1.011164903640747,
      "p99": 1.6925371885299683
    },
    "max_error": 3.3911707401275635,
    "test_samples": 11250
  },
  "model_config": {
    "hidden_dim": 128,
    "num_heads": 4,
    "encoder_length": 30,
    "decoder_length": 15,
    "dropout": 0.1
  },
  "device": "cuda",
  "total_parameters": 2296837
}